0,0,0,0,0,100
-0.0916963,-0.00359162,-0.171694,0.0272248,0.0330944,100.453

0,0,0,0,0,200
-0.125937,-0.408402,-0.0343548,0.00569546,0.0016001,199.043

0,0,0,0,0,300
-0.187371,-0.113644,-0.606643,0.102339,0.0884386,301.837

0,0,0,0,0,400
0.575239,-0.271503,-0.460244,0.0774747,0.094849,390.919

0,0,0,0,0,500
-0.496769,-1.10509,-0.10344,0.0181264,-0.00447515,514.913

0,0,0,0,0,550
0.1665,0.171648,-0.740741,0.125116,0.226239,544.371

0,0,5,0,0,100
-0.0417807,0.266787,-6.15559,0.0323508,0.0422114,99.7172

0,0,5,0,0,200
-0.125937,0.00975403,-4.6941,0.0793464,0.00160657,199.847

0,0,5,0,0,300
-0.0288168,0.0507461,-6.34454,0.101722,0.115538,300.017

0,0,5,0,0,400
0.575239,0.560162,-7.15442,0.0768767,0.0941169,387.902

0,0,5,0,0,500
-0.496769,-0.0270121,-4.10319,0.162307,-0.00452822,521.018

0,0,5,0,0,550
0.1665,1.32283,-4.24331,0.124786,0.225642,542.934

0,0,10,0,0,100
-0.0947247,0.210898,-11.4191,0.114361,0.0328403,99.1536

0,0,10,0,0,200
-0.163959,0.0234188,-10.1448,0.0685471,0.00386778,202.595

0,0,10,0,0,300
0.0218004,0.656936,-12.0919,0.0905656,0.111124,296.066

0,0,10,0,0,400
0.366363,0.346097,-8.87253,0.0765551,0.0581449,386.279

0,0,10,0,0,500
-0.939728,-0.989158,-10.0516,0.0848714,0.0220307,526.733

0,0,10,0,0,550
0.653497,0.00673196,-11.2747,0.112147,0.194902,535.69

0,0,15,0,0,100
-0.0372605,-0.0230321,-17.6851,0.129332,0.0288817,96.9463

0,0,15,0,0,200
-0.34642,0.23461,-16.5483,0.0620898,0.0387543,199.126

0,0,15,0,0,300
0.130334,0.402817,-15.5697,0.11063,0.0678305,293.047

0,0,15,0,0,400
0.146613,-0.405106,-15.1532,-0.0134095,0.0721252,393.748

0,0,15,0,0,500
-1.22947,0.226996,-14.4555,0.0993919,0.0385111,515.307

0,0,15,0,0,550
1.04722,1.01983,-12.7142,0.147666,0.17308,537.914

0,0,20,0,0,100
0.0492033,0.155319,-22.7568,0.140895,0.0239737,96.7539

0,0,20,0,0,200
-0.336639,-0.333845,-21.6011,0.0781022,0.0135036,195.067

0,0,20,0,0,300
0.180555,0.393482,-20.2642,0.212576,0.0648516,292.496

0,0,20,0,0,400
0.0720994,0.485026,-17.6401,0.114914,0.0809632,416.845

0,0,20,0,0,500
-1.214,-0.858744,-21.2414,0.116449,0.0366981,502.849

0,0,20,0,0,550
0.453649,-0.300558,-22.3515,0.0983716,0.13551,517.253

0,0,25,0,0,100
0.0688147,0.144714,-29.7961,0.188929,0.0219882,93.0117

0,0,25,0,0,200
-0.125937,0.00968667,-26.7252,0.149271,0.00156767,195.009

0,0,25,0,0,300
-0.138824,-0.131333,-26.4845,0.112077,0.0859601,303.09

0,0,25,0,0,400
-0.492438,-0.197461,-25.5844,0.100257,0.111731,402.413

0,0,25,0,0,500
-0.67109,0.396067,-22.1792,0.095245,0.0671765,503.014

0,0,25,0,0,550
0.450604,0.85727,-24.4119,0.223981,0.143054,545.371

0,0,30,0,0,100
0.124504,-0.0796077,-35.7186,0.260038,0.0186046,91.1639

0,0,30,0,0,200
-0.370332,0.0954677,-31.5476,0.1564,0.0154059,195.022

0,0,30,0,0,300
0.0218004,0.640282,-33.0627,0.114055,0.10756,286.569

0,0,30,0,0,400
-0.0593563,0.789498,-29.0153,0.060667,0.132976,395.212

0,0,30,0,0,500
-0.115334,-1.14276,-32.1325,0.109063,-0.0244166,466.021

0,0,30,0,0,550
-0.126433,1.05962,-34.6759,0.162407,0.179081,552.931

0,5,0,0,0,100
-0.202105,-5.87346,-0.137161,0.0217724,0.0138787,100.398

0,5,0,0,0,200
-0.373553,-4.84907,-0.00215497,0.00035563,-0.0405731,198.933

0,5,0,0,0,300
-0.277959,-5.94843,-0.636312,0.107233,0.0728252,301.982

0,5,0,0,0,400
0.575239,-6.13457,-0.460244,0.0774741,0.0948483,390.916

0,5,0,0,0,500
-0.238519,-3.01777,0.183609,-0.0321517,0.0404957,512.341

0,5,0,0,0,550
0.1665,-2.13787,-0.740741,0.125116,0.226239,544.37

0,5,5,0,0,100
-0.162671,-5.57115,-6.35878,0.032347,0.0213402,99.6813

0,5,5,0,0,200
-0.158983,-4.29643,-4.62132,0.0554768,-0.00369681,199.394

0,5,5,0,0,300
-0.118912,-5.76564,-6.21775,0.0787416,0.0997811,299.406

0,5,5,0,0,400
0.575239,-5.24239,-7.99621,0.0767161,0.0939203,387.091

0,5,5,0,0,500
number of leds were detected: 4

0,5,5,0,0,550
number of leds were detected: 4

0,5,10,0,0,100
-0.378488,-6.08306,-11.9587,0.108594,-0.0157944,98.9176

0,5,10,0,0,200
number of leds were detected: 4

0,5,10,0,0,300
-0.0262731,-5.0127,-12.6192,0.0683806,0.102455,294.808

0,5,10,0,0,400
0.266743,-6.2961,-11.6842,0.11461,0.0405585,384.332

0,5,10,0,0,500
-0.412007,-2.70263,-9.57899,-0.0151102,0.115756,522.219

0,5,10,0,0,550
0.362553,-2.56119,-9.93156,0.112639,0.146201,538.041

0,5,15,0,0,100
-0.283836,-5.77197,-17.4076,0.106489,-0.0125926,96.8697

0,5,15,0,0,200
0.028297,-4.50095,-15.9234,-0.00862741,0.103188,198.278

0,5,15,0,0,300
-0.0940804,-4.78607,-16.0312,0.0969696,0.0294802,291.984

0,5,15,0,0,400
0.0456922,-5.44713,-15.4226,0.0260467,0.0545617,394.859

0,5,15,0,0,500
number of leds were detected: 4

0,5,15,0,0,550
0.82667,-6.05929,-13.6939,0.148169,0.135884,535.622

0,5,20,0,0,100
-0.0862714,-5.84146,-23.4756,0.148655,0.00121204,96.3368

0,5,20,0,0,200
number of leds were detected: 4

0,5,20,0,0,300
-0.0437586,-5.53346,-20.7045,0.198444,0.0265669,291.249

0,5,20,0,0,400
-0.407843,-7.19131,-17.9252,0.18441,-0.00723686,419.321

0,5,20,0,0,500
-0.93392,-2.73147,-20.53,0.0739352,0.0884993,503.054

0,5,20,0,0,550
0.239027,-4.8015,-24.4901,0.0978704,0.0986944,508.961

0,5,25,0,0,100
-0.0498657,-5.2921,-30.0029,0.190615,0.00279558,92.8467

0,5,25,0,0,200
-0.199709,-4.75532,-26.613,0.0964588,-0.0105605,194.065

0,5,25,0,0,300
number of leds were detected: 6

0,5,25,0,0,400
-0.979875,-6.72669,-25.8312,0.167331,0.026792,404.916

0,5,25,0,0,500
-0.377902,-5.54063,-26.5661,0.0957186,0.114996,486.256

0,5,25,0,0,550
0.236005,-5.13144,-27.8517,0.218583,0.10285,529.501

0,5,30,0,0,100
-0.0391966,-5.23005,-34.9354,0.252443,-0.00742675,91.934

0,5,30,0,0,200
number of leds were detected: 4

0,5,30,0,0,300
number of leds were detected: 6

0,5,30,0,0,400
-0.543408,-4.58886,-32.1315,0.12253,0.0482156,385.784

0,5,30,0,0,500
0.223086,-4.58597,-36.1295,0.122891,0.0279446,445.42

0,5,30,0,0,550
number of leds were detected: 4

0,10,0,0,0,100
-0.659791,-11.3053,-0.164424,0.0259278,-0.0632042,100.434

0,10,0,0,0,200
-0.337793,-9.86383,-0.03466,0.00564612,-0.0337178,199.039

0,10,0,0,0,300
-0.175972,-11.044,-0.375743,0.0624728,0.0904016,300.657

0,10,0,0,0,400
0.429219,-8.80373,-0.56654,0.0952893,0.0690564,391.609

0,10,0,0,0,500
0.562027,-9.82473,1.29405,-0.0321437,0.182018,512.213

0,10,0,0,0,550
0.0642695,-10.3584,-0.861202,0.145492,0.208916,545.451

0,10,5,0,0,100
-0.678448,-11.4941,-5.64273,0.0190781,-0.0655175,99.691

0,10,5,0,0,200
-0.0667512,-11.0574,-5.27249,0.0803514,0.0122277,199.698

0,10,5,0,0,300
-0.178678,-10.9818,-5.55507,0.0741757,0.089632,299.633

0,10,5,0,0,400
0.274809,-9.74519,-5.71516,0.112345,0.041909,390.351

0,10,5,0,0,500
number of leds were detected: 6

0,10,5,0,0,550
0.0642695,-8.03163,-5.24451,0.0943906,0.207025,540.514

0,10,10,0,0,100
-0.6476,-11.3455,-11.3328,0.11821,-0.0594006,99.2596

0,10,10,0,0,200
number of leds were detected: 4

0,10,10,0,0,300
-0.316143,-9.71753,-12.5359,0.0675003,0.0533211,294.93

0,10,10,0,0,400
-0.313094,-9.45836,-8.20012,0.109406,-0.0579226,388.283

0,10,10,0,0,500
-0.381343,-10.4681,-9.72194,0.13825,0.125599,530.237

0,10,10,0,0,550
0.25741,-10.6678,-11.0741,0.10385,0.127249,535.549

0,10,15,0,0,100
-0.581658,-11.3663,-17.5996,0.135016,-0.0606391,97.1056

0,10,15,0,0,200
-0.72538,-11.2072,-17.1887,0.0356377,-0.0225583,198.043

0,10,15,0,0,300
-0.21719,-11.2943,-13.5973,0.0995279,0.00932996,295.363

0,10,15,0,0,400
-0.582289,-10.2766,-15.1844,-0.00314307,-0.0532594,394.288

0,10,15,0,0,500
number of leds were detected: 6

0,10,15,0,0,550
0.602342,-9.80258,-12.5526,0.147179,0.0963406,538.032

0,10,20,0,0,100
number of leds were detected: 4

0,10,20,0,0,200
-0.560352,-10.4836,-22.7997,0.0975094,-0.0212898,193.971

0,10,20,0,0,300
-0.174316,-11.5256,-20.5209,0.125707,0.00494913,289.405

0,10,20,0,0,400
number of leds were detected: 4

0,10,20,0,0,500
-0.0745768,-9.3498,-21.3367,0.18578,0.234551,506.338

0,10,20,0,0,550
0.00820482,-9.44676,-23.3156,0.0971793,0.0612618,513.595

0,10,25,0,0,100
-0.330365,-10.6798,-28.7343,0.182875,-0.0419345,93.9416

0,10,25,0,0,200
-0.293595,-9.90517,-27.3219,0.128791,-0.0252711,193.63

0,10,25,0,0,300
-0.379235,-11.5996,-25.2688,0.0175608,0.0444747,303.162

0,10,25,0,0,400
number of leds were detected: 4

0,10,25,0,0,500
number of leds were detected: 6

0,10,25,0,0,550
-0.356006,-11.9821,-23.7026,0.219401,0.00228106,548.328

0,10,30,0,0,100
-0.279689,-10.9032,-35.1921,0.24481,-0.0449943,91.6207

0,10,30,0,0,200
-0.329701,-9.59301,-32.4168,0.132388,0.023548,192.784

0,10,30,0,0,300
-0.0983772,-9.11058,-34.2929,0.106386,0.0865999,282.344

0,10,30,0,0,400
number of leds were detected: 4

0,10,30,0,0,500
number of leds were detected: 4

0,10,30,0,0,550
-0.895805,-9.53814,-30.0498,0.137665,0.0486124,580.553

0,15,0,0,0,100
-0.898374,-17.6949,-0.166278,0.0259514,-0.100881,100.429

0,15,0,0,0,200
-0.0475789,-15.9929,-0.0529127,0.00841682,0.0155487,199.097

0,15,0,0,0,300
-0.376217,-14.4793,-0.587683,0.0977233,0.056672,301.7

0,15,0,0,0,400
0.190012,-15.8894,-0.627914,0.102225,0.0264496,391.883

0,15,0,0,0,500
0.145283,-13.5078,-0.193536,0.0318569,0.108319,515.633

0,15,0,0,0,550
-0.083705,-15.3367,-0.496862,0.083222,0.182414,542.145

0,15,5,0,0,100
-0.950277,-17.2982,-5.11676,-0.00892471,-0.10746,99.5085

0,15,5,0,0,200
-0.276925,-16.638,-5.75681,0.0145838,-0.0227684,198.244

0,15,5,0,0,300
-0.632914,-15.975,-6.932,0.0808379,0.0139203,299.129

0,15,5,0,0,400
0.711218,-13.6835,-3.83641,0.0467901,0.111314,388.788

0,15,5,0,0,500
number of leds were detected: 4

0,15,5,0,0,550
number of leds were detected: 4

0,15,10,0,0,100
-0.98855,-17.9004,-11.3492,0.117617,-0.114428,99.2996

0,15,10,0,0,200
number of leds were detected: 6

0,15,10,0,0,300
-0.677762,-15.4957,-10.1186,-0.0389017,-0.00469851,294.292

0,15,10,0,0,400
0.576019,-14.6613,-9.60081,-0.0532744,0.0865874,380.251

0,15,10,0,0,500
-0.172777,-13.5847,-11.1026,0.150849,0.162278,528.574

0,15,10,0,0,550
-0.266123,-13.4789,-10.3283,0.160482,0.0395451,540.112

0,15,15,0,0,100
-0.76533,-17.0494,-17.0148,0.121389,-0.0890215,97.3183

0,15,15,0,0,200
-0.316622,-15.0209,-17.8024,0.0654688,0.0459517,197.957

0,15,15,0,0,300
-0.138166,-16.1686,-15.8706,0.117436,0.0226357,292.88

0,15,15,0,0,400
number of leds were detected: 4

0,15,15,0,0,500
-1.00101,-17.5562,-14.3662,0.00236761,0.082464,511.114

0,15,15,0,0,550
-0.128686,-11.7043,-12.7593,0.154114,-0.0280086,538.275

0,15,20,0,0,100
-0.819956,-17.7641,-22.3561,0.100888,-0.116333,96.7612

0,15,20,0,0,200
-0.237893,-15.2696,-22.624,0.0806567,0.0316534,193.812

0,15,20,0,0,300
-0.0787606,-15.3251,-20.7601,0.130371,0.0208011,289.076

0,15,20,0,0,400
0.135535,-17.0784,-17.9223,-0.0633981,0.0891173,408.338

0,15,20,0,0,500
-0.952517,-13.7698,-20.5074,0.0694632,0.0855851,503.478

0,15,20,0,0,550
number of leds were detected: 4

0,15,25,0,0,100
-0.614898,-17.0008,-28.3518,0.195556,-0.0862319,94.5114

0,15,25,0,0,200
number of leds were detected: 6

0,15,25,0,0,300
-0.521455,-14.787,-26.3753,0.128604,0.0214665,304.266

0,15,25,0,0,400
-0.207088,-15.8147,-25.6158,0.0213484,0.162793,398.984

0,15,25,0,0,500
number of leds were detected: 4

0,15,25,0,0,550
-0.0446981,-12.8927,-24.5882,0.13185,0.0562442,539.232

0,15,30,0,0,100
-0.60986,-17.4595,-33.531,0.206167,-0.0959444,93.0724

0,15,30,0,0,200
-0.497469,-16.1586,-32.5761,0.172398,-0.00259824,193.544

0,15,30,0,0,300
number of leds were detected: 4

0,15,30,0,0,400
-0.0677062,-13.483,-30.7809,0.0334342,0.129175,387.15

0,15,30,0,0,500
-0.135881,-15.5383,-35.9673,0.140185,-0.0254332,447.581

0,15,30,0,0,550
number of leds were detected: 4

0,20,0,0,0,100
-1.08003,-22.8538,-0.15754,0.0241856,-0.126921,100.407

0,20,0,0,0,200
-0.362332,-21.6171,-0.0365348,0.00569537,-0.0350651,199.04

0,20,0,0,0,300
-0.823678,-20.3159,0.254543,0.0669196,-0.0122985,300.755

0,20,0,0,0,400
0.340003,-20.2331,-0.336664,0.0530663,0.049701,389.986

0,20,0,0,0,500
0.218591,-21.3513,-0.190308,0.0307518,0.120178,515.573

0,20,0,0,0,550
0.60213,-20.6723,-0.675964,0.107946,0.296966,543.404

0,20,5,0,0,100
number of leds were detected: 4

0,20,5,0,0,200
-0.505122,-21.9397,-4.46839,-0.000778322,-0.0579727,198.353

0,20,5,0,0,300
0.0539556,-19.4401,-5.52436,0.0109562,0.128345,297.728

0,20,5,0,0,400
number of leds were detected: 4

0,20,5,0,0,500
0.00178684,-20.0537,-5.63606,0.179683,0.0847594,520.769

0,20,5,0,0,550
number of leds were detected: 6

0,20,10,0,0,100
-1.11326,-23.4319,-11.081,0.0562403,-0.127929,98.8051

0,20,10,0,0,200
-0.251852,-21.7305,-10.5839,0.0347178,-0.00883875,201.676

0,20,10,0,0,300
number of leds were detected: 4

0,20,10,0,0,400
number of leds were detected: 6

0,20,10,0,0,500
-0.56089,-22.6699,-10.0754,-0.0312618,0.0948629,520.883

0,20,10,0,0,550
0.351832,-21.2332,-10.6068,0.116296,0.140304,536.912

0,20,15,0,0,100
-1.0697,-22.7471,-16.1574,0.0712492,-0.132663,97.3056

0,20,15,0,0,200
-0.780567,-21.0406,-15.668,0.0712647,-0.0279019,200.456

0,20,15,0,0,300
-0.11016,-19.007,-13.8706,0.0713032,0.027795,294.162

0,20,15,0,0,400
number of leds were detected: 4

0,20,15,0,0,500
-1.31052,-21.3237,-14.8019,0.0153451,0.0370121,511.167

0,20,15,0,0,550
number of leds were detected: 4

0,20,20,0,0,100
-0.717999,-22.5407,-22.5998,0.106793,-0.0969823,96.6787

0,20,20,0,0,200
-0.800371,-21.1327,-20.541,-0.000217208,-0.0554693,195.14

0,20,20,0,0,300
-0.42482,-20.2919,-20.531,0.177691,-0.0326643,291.192

0,20,20,0,0,400
-0.0726604,-20.479,-19.408,0.157482,0.0549006,414.53

0,20,20,0,0,500
-1.05154,-20.4908,-21.5331,0.0919286,0.0759574,501.767

0,20,20,0,0,550
number of leds were detected: 4

0,20,25,0,0,100
-0.803706,-22.2771,-28.5271,0.179472,-0.111815,94.288

0,20,25,0,0,200
-0.322489,-21.0943,-28.5032,0.128618,-0.0276713,191.677

0,20,25,0,0,300
-0.0636278,-20.1119,-25.9221,-0.0349589,0.098746,299.605

0,20,25,0,0,400
-0.946934,-19.2203,-25.4815,0.0968088,0.0439677,403.587

0,20,25,0,0,500
-0.575448,-19.7818,-24.423,0.158359,0.0896125,498.891

0,20,25,0,0,550
0.150352,-22.6022,-24.7126,0.163755,0.0888177,540.291

0,20,30,0,0,100
-0.746327,-22.5097,-34.3262,0.231888,-0.112821,92.6413

0,20,30,0,0,200
-0.788194,-20.9862,-33.92,0.178497,-0.0452469,191.116

0,20,30,0,0,300
number of leds were detected: 4

0,20,30,0,0,400
-0.316894,-19.2832,-28.9166,0.0413843,0.093439,395.104

0,20,30,0,0,500
0.592091,-17.7463,-31.5223,0.149299,0.0844858,470.35

0,20,30,0,0,550
-0.309091,-20.1344,-30.9683,0.116548,0.153987,573.623

0,25,0,0,0,100
-1.18244,-29.3027,-0.162825,0.024185,-0.136166,100.404

0,25,0,0,0,200
-0.687818,-26.9839,-0.0341736,0.00522043,-0.0841243,199.02

0,25,0,0,0,300
-0.563958,-26.2734,0.218217,0.0743303,0.0327454,300.995

0,25,0,0,0,400
0.518657,-25.4043,0.26774,0.101285,0.0742161,391.861

0,25,0,0,0,500
0.246845,-26.0922,-0.0666528,0.0105405,0.123888,514.537

0,25,0,0,0,550
-1.47403,-25.2603,0.596186,0.102806,-0.0275069,542.946

0,25,5,0,0,100
-1.25952,-29.2873,-4.73314,0.0270108,-0.146177,99.9621

0,25,5,0,0,200
-0.650784,-27.2674,-4.19441,0.00459424,-0.0775328,198.552

0,25,5,0,0,300
-0.406396,-25.9313,-6.18013,0.0832049,0.0573847,299.647

0,25,5,0,0,400
number of leds were detected: 6

0,25,5,0,0,500
number of leds were detected: 4

0,25,5,0,0,550
-0.822239,-22.2156,-0.346851,0.0526241,0.0728291,540.471

0,25,10,0,0,100
-1.31738,-28.8646,-12.2075,0.108843,-0.153927,99.0243

0,25,10,0,0,200
-0.627104,-26.8711,-9.67524,0.0614375,-0.0668143,202.895

0,25,10,0,0,300
number of leds were detected: 6

0,25,10,0,0,400
-0.343012,-26.1727,-8.58659,0.027387,-0.0565002,384.809

0,25,10,0,0,500
-0.651122,-25.3542,-9.03707,-0.0444954,0.0823611,521.822

0,25,10,0,0,550
0.963946,-23.6475,-9.85073,-0.0841023,0.229371,526.849

0,25,15,0,0,100
-1.18064,-28.5448,-16.6959,0.112413,-0.144552,97.5427

0,25,15,0,0,200
number of leds were detected: 6

0,25,15,0,0,300
-0.403049,-25.9904,-14.1153,0.101567,-0.0161098,294.943

0,25,15,0,0,400
-0.475088,-25.3223,-17.5692,0.0509013,-0.0257812,391.97

0,25,15,0,0,500
-1.22937,-26.4026,-11.7552,0.00880353,0.0578742,517.174

0,25,15,0,0,550
number of leds were detected: 4

0,25,20,0,0,100
-1.11255,-29.1915,-22.2082,0.104207,-0.152868,97.0864

0,25,20,0,0,200
number of leds were detected: 6

0,25,20,0,0,300
-0.106574,-25.8704,-21.6499,0.20191,0.0176755,289.625

0,25,20,0,0,400
-0.0793968,-27.2421,-19.4467,0.163783,0.0544218,414.734

0,25,20,0,0,500
-0.775373,-23.4697,-21.5805,0.165218,0.124398,505.376

0,25,20,0,0,550
0.516273,-23.2823,-20.7577,-0.0273528,0.138565,515.206

0,25,25,0,0,100
-1.03561,-28.4043,-28.1609,0.175743,-0.141908,94.7155

0,25,25,0,0,200
30.0792,nan,nan,nan,-nan,nan

0,25,25,0,0,300
number of leds were detected: 6

0,25,25,0,0,400
-0.635488,-25.4738,-28.5826,0.146897,0.0979311,394.983

0,25,25,0,0,500
number of leds were detected: 6

0,25,25,0,0,550
-0.595355,-26.3422,-23.9992,0.127818,-0.0299418,542.488

0,25,30,0,0,100
-1.06869,-28.9273,-33.8401,0.224956,-0.156599,93.3053

0,25,30,0,0,200
number of leds were detected: 6

0,25,30,0,0,300
-0.43066,-25.0416,-30.2376,0.104422,0.0415814,295.487

0,25,30,0,0,400
-0.834038,-26.6583,-27.9093,0.0105532,0.0155835,398.397

0,25,30,0,0,500
number of leds were detected: 4

0,25,30,0,0,550
-1.47816,-26.4771,-27.0995,0.0961113,-0.0299916,596.49

0,30,0,0,0,100
-1.71618,-35.3769,-0.0933324,0.0133985,-0.205539,100.272

0,30,0,0,0,200
-0.81058,-31.8128,-0.129432,0.0187115,-0.0957106,199.285

0,30,0,0,0,300
-0.290752,-31.8935,-0.379598,0.0560857,0.0763586,300.468

0,30,0,0,0,400
0.790289,-27.9879,-0.592717,0.085793,0.113124,391.191

0,30,0,0,0,500
-0.109549,-32.6346,-0.145695,0.022926,0.0659107,515.178

0,30,0,0,0,550
-0.399515,-36.207,-0.815962,0.117205,0.139852,543.956

0,30,5,0,0,100
-1.84497,-35.0526,-4.98787,0.0384912,-0.221892,100.084

0,30,5,0,0,200
number of leds were detected: 4

0,30,5,0,0,300
-0.704288,-31.6081,-5.7982,-0.000454792,0.0153392,297.426

0,30,5,0,0,400
0.259253,-29.2011,-6.44245,0.106559,0.0338729,389.541

0,30,5,0,0,500
-0.87253,-32.2056,-5.88174,0.187284,-0.0549841,521.307

0,30,5,0,0,550
-0.227316,-29.4025,-4.24963,0.0192959,0.162317,537.323

0,30,10,0,0,100
number of leds were detected: 4

0,30,10,0,0,200
-0.976689,-32.6086,-9.78711,0.0821161,-0.11392,203.385

0,30,10,0,0,300
-0.158152,-29.4934,-12.2959,0.082047,0.0836925,295.669

0,30,10,0,0,400
-0.00682667,-29.472,-9.92423,0.022281,-0.00583077,383.012

0,30,10,0,0,500
number of leds were detected: 4

0,30,10,0,0,550
-0.253655,-30.16,-8.9142,-0.0578131,0.0459951,530.595

0,30,15,0,0,100
-1.34374,-34.7946,-17.1006,0.0579043,-0.158039,96.8793

0,30,15,0,0,200
-0.667483,-31.56,-14.48,0.0536138,-0.000939006,201.245

0,30,15,0,0,300
-0.197089,-30.5647,-14.7593,0.122949,0.0163529,294.663

0,30,15,0,0,400
0.178065,-28.6574,-15.9732,0.0141449,0.0730228,393.146

0,30,15,0,0,500
-0.786653,-33.0542,-12.9207,0.12544,0.132563,520.983

0,30,15,0,0,550
-0.169372,-32.2157,-17.5368,0.115983,-0.0298083,524.575

0,30,20,0,0,100
-1.51067,-34.9516,-22.1169,0.0963888,-0.201309,97.2655

0,30,20,0,0,200
number of leds were detected: 6

0,30,20,0,0,300
-0.39241,-31.5242,-21.6716,0.112677,-0.0230374,287.134

0,30,20,0,0,400
-0.0391502,-30.8804,-20.8972,0.17639,0.0605409,411.479

0,30,20,0,0,500
-1.26731,-29.723,-22.9802,0.154774,0.0509587,501.034

0,30,20,0,0,550
-0.276859,-26.8238,-22.7141,0.165816,0.0226796,520.156

0,30,25,0,0,100
-1.42662,-34.5831,-27.7454,0.131033,-0.188609,94.8283

0,30,25,0,0,200
-0.602674,-32.1813,-25.4235,0.118988,-0.0653037,196.989

0,30,25,0,0,300
-0.394467,-30.5633,-27.6931,0.0491817,0.0493594,298.282

0,30,25,0,0,400
-1.00626,-30.147,-27.0711,0.14477,0.0467792,401.043

0,30,25,0,0,500
-0.52707,-31.3916,-24.2307,0.167766,0.10069,500.449

0,30,25,0,0,550
-0.383789,-31.3997,-27.3968,0.261666,0.00792525,535.22

0,30,30,0,0,100
-1.2436,-34.3029,-34.0989,0.209744,-0.172308,93.0502

0,30,30,0,0,200
number of leds were detected: 6

0,30,30,0,0,300
-0.655218,-30.993,-30.0771,0.121685,0.00976392,296.997

0,30,30,0,0,400
-0.0852417,-28.2746,-29.4789,-0.00232837,0.12915,390.734

0,30,30,0,0,500
-0.505964,-29.2248,-30.471,0.106578,-0.079708,475.222

0,30,30,0,0,550
-0.556095,-34.1626,-31.9807,0.00509364,0.120644,561.384

5,0,0,0,0,100
-4.98234,0.005638,-0.0326584,0.00519343,0.0345296,100.383

5,0,0,0,0,200
-4.21502,-0.310389,0.0291564,-0.00484168,0.0186055,198.537

5,0,0,0,0,300
-5.62023,-0.141181,-0.276804,0.0472579,0.0835565,300.938

5,0,0,0,0,400
number of leds were detected: 4

5,0,0,0,0,500
number of leds were detected: 4

5,0,0,0,0,550
number of leds were detected: 6

5,0,5,0,0,100
-4.68379,0.53251,-6.16117,0.0339156,0.0173828,99.3418

5,0,5,0,0,200
-4.21502,0.113385,-4.27861,0.0134317,0.0185877,198.347

5,0,5,0,0,300
-5.62023,0.494356,-5.31075,0.0470526,0.0831935,299.63

5,0,5,0,0,400
number of leds were detected: 4

5,0,5,0,0,500
-55.1331,-7.29139,-5.81804,-0.0629173,-1.49609,310.784

5,0,5,0,0,550
number of leds were detected: 7

5,0,10,0,0,100
-4.93412,0.702109,-11.3456,0.0781956,0.0432421,99.1602

5,0,10,0,0,200
-4.63381,1.2711,-10.2614,0.0329262,0.0669107,200.281

5,0,10,0,0,300
-5.43136,0.636079,-12.4182,0.0687568,0.106511,295.199

5,0,10,0,0,400
number of leds were detected: 4

5,0,10,0,0,500
number of leds were detected: 4

5,0,10,0,0,550
number of leds were detected: 6

5,0,15,0,0,100
number of leds were detected: 6

5,0,15,0,0,200
-4.50532,1.3485,-16.6214,0.0240564,0.0821217,197.018

5,0,15,0,0,300
-5.19691,1.80582,-15.765,0.0822974,0.0926426,292.845

5,0,15,0,0,400
number of leds were detected: 3

5,0,15,0,0,500
number of leds were detected: 4

5,0,15,0,0,550
number of leds were detected: 6

5,0,20,0,0,100
-4.98052,2.1918,-22.6953,0.152268,0.0447073,96.709

5,0,20,0,0,200
number of leds were detected: 6

5,0,20,0,0,300
-4.86573,0.680822,-21.0631,0.158943,0.00438878,301.193

5,0,20,0,0,400
number of leds were detected: 4

5,0,20,0,0,500
number of leds were detected: 4

5,0,20,0,0,550
number of leds were detected: 6

5,0,25,0,0,100
number of leds were detected: 6

5,0,25,0,0,200
-4.00323,2.89628,-26.3326,0.123503,0.0529401,194.296

5,0,25,0,0,300
-4.99293,0.926278,-26.0739,0.0961304,0.0473769,299.338

5,0,25,0,0,400
number of leds were detected: 4

5,0,25,0,0,500
number of leds were detected: 4

5,0,25,0,0,550
43.7238,nan,nan,nan,-nan,nan

5,0,30,0,0,100
-4.09702,2.17687,-35.251,0.248013,0.0183945,91.3374

5,0,30,0,0,200
-4.24976,2.96434,-31.4502,0.112083,0.0663612,193.232

5,0,30,0,0,300
-4.27205,3.07251,-33.9737,0.102139,0.107062,281.907

5,0,30,0,0,400
number of leds were detected: 4

5,0,30,0,0,500
number of leds were detected: 4

5,0,30,0,0,550
number of leds were detected: 6

5,5,0,0,0,100
-5.21652,-5.97365,-0.411056,-0.0353175,-0.00033823,99.9428

5,5,0,0,0,200
-4.54331,-4.83599,0.0672151,-0.0111045,-0.0281314,198.324

5,5,0,0,0,300
-5.75731,-6.00321,-0.249368,0.0424789,0.0648799,300.736

5,5,0,0,0,400
number of leds were detected: 4

5,5,0,0,0,500
number of leds were detected: 4

5,5,0,0,0,550
-5.0176,-4.65571,0.664909,-0.112587,0.0103707,544.505

5,5,5,0,0,100
-4.7833,-4.63651,-6.08485,0.0207827,0.00357672,99.2882

5,5,5,0,0,200
-4.64035,-4.07388,-4.3724,0.0250031,-0.0417429,198.529

5,5,5,0,0,300
-5.75731,-5.34383,-5.29136,0.0423338,0.0646582,299.709

5,5,5,0,0,400
number of leds were detected: 4

5,5,5,0,0,500
number of leds were detected: 4

5,5,5,0,0,550
number of leds were detected: 4

5,5,10,0,0,100
-5.02556,-4.07581,-11.7574,0.0794401,0.0281909,99.1634

5,5,10,0,0,200
-5.08898,-4.23215,-11.8094,0.0534394,0.00836803,199.857

5,5,10,0,0,300
number of leds were detected: 6

5,5,10,0,0,400
-3.7366,-4.38485,-8.32156,-0.168438,0.107258,398.217

5,5,10,0,0,500
number of leds were detected: 4

5,5,10,0,0,550
-5.14907,-3.95481,-10.5446,-0.175288,0.137144,554.621

5,5,15,0,0,100
number of leds were detected: 6

5,5,15,0,0,200
-4.8587,-3.97893,-16.5065,0.0262937,0.0430462,197.534

5,5,15,0,0,300
number of leds were detected: 7

5,5,15,0,0,400
number of leds were detected: 4

5,5,15,0,0,500
number of leds were detected: 3

5,5,15,0,0,550
number of leds were detected: 4

5,5,20,0,0,100
-5.34513,-3.65439,-23.4765,0.153153,-0.0111003,96.4889

5,5,20,0,0,200
number of leds were detected: 6

5,5,20,0,0,300
number of leds were detected: 7

5,5,20,0,0,400
number of leds were detected: 4

5,5,20,0,0,500
number of leds were detected: 4

5,5,20,0,0,550
-6.65767,-1.32237,-21.9213,0.0690779,0.164768,541.886

5,5,25,0,0,100
42.9589,-3.16292,-65.7495,-2.18316,-0.200255,50.054

5,5,25,0,0,200
-3.87915,-3.35155,-26.5786,0.0794283,0.0824898,193.664

5,5,25,0,0,300
number of leds were detected: 7

5,5,25,0,0,400
-4.87144,-3.07008,-26.0749,-0.0366749,0.0614574,395.266

5,5,25,0,0,500
-4.26696,0.370351,-22.2299,0.114543,0.0635573,516.695

5,5,25,0,0,550
number of leds were detected: 4

5,5,30,0,0,100
-4.18593,-2.22655,-35.4793,0.25606,0.00477341,91.5184

5,5,30,0,0,200
number of leds were detected: 4

5,5,30,0,0,300
number of leds were detected: 6

5,5,30,0,0,400
number of leds were detected: 4

5,5,30,0,0,500
-6.36736,-1.31467,-30.5147,-0.0136617,0.115086,480.371

5,5,30,0,0,550
-2.16181,-1.25873,-32.0677,-0.0070442,0.175189,546.704

5,10,0,0,0,100
number of leds were detected: 4

5,10,0,0,0,200
-4.85289,-11.3572,-0.730019,0.0483945,-0.0565302,199.448

5,10,0,0,0,300
-5.90065,-11.2904,-0.193863,0.0329317,0.0455661,300.38

5,10,0,0,0,400
number of leds were detected: 4

5,10,0,0,0,500
number of leds were detected: 4

5,10,0,0,0,550
-4.75051,-11.4417,0.374491,-0.0627778,0.0608542,547.489

5,10,5,0,0,100
-5.22639,-10.9709,-6.50953,0.0483344,-0.0566723,99.5425

5,10,5,0,0,200
number of leds were detected: 4

5,10,5,0,0,300
-5.81084,-9.18909,-5.91462,0.0299326,0.065968,299.23

5,10,5,0,0,400
number of leds were detected: 4

5,10,5,0,0,500
-39.3098,-16.1647,-8.02723,-0.212743,-1.53026,417.505

5,10,5,0,0,550
-4.21587,-8.65221,-5.73582,-0.0230223,0.148491,548.01

5,10,10,0,0,100
number of leds were detected: 4

5,10,10,0,0,200
-4.94739,-9.19336,-12.0807,0.0599538,0.0430222,200.15

5,10,10,0,0,300
-5.78684,-9.0631,-13.2338,0.0655188,0.0677388,295.138

5,10,10,0,0,400
-3.58393,-6.70594,-8.0822,-0.0633816,0.130972,402.979

5,10,10,0,0,500
number of leds were detected: 4

5,10,10,0,0,550
-4.97864,-9.58816,-10.4914,-0.0143511,0.178305,565.033

5,10,15,0,0,100
number of leds were detected: 6

5,10,15,0,0,200
-5.08626,-8.93579,-16.3192,0.00778509,0.00739605,197.721

5,10,15,0,0,300
-5.4058,-8.41728,-16.775,-0.000349083,0.0719699,290.169

5,10,15,0,0,400
number of leds were detected: 4

5,10,15,0,0,500
-4.55745,-7.0991,-14.5521,-0.102511,0.26975,524.159

5,10,15,0,0,550
-6.62443,-6.91242,-17.1043,0.0987784,0.196621,540.581

5,10,20,0,0,100
number of leds were detected: 4

5,10,20,0,0,200
number of leds were detected: 6

5,10,20,0,0,300
-4.97423,-8.56021,-20.8818,0.162554,0.00440777,303.198

5,10,20,0,0,400
number of leds were detected: 6

5,10,20,0,0,500
number of leds were detected: 6

5,10,20,0,0,550
-6.68391,-8.25173,-21.9651,0.0753184,0.162374,545.117

5,10,25,0,0,100
number of leds were detected: 4

5,10,25,0,0,200
-4.84889,-8.93451,-27.0049,0.177686,-0.0635196,195.75

5,10,25,0,0,300
-5.03383,-6.75204,-26.5726,0.0803218,0.0570223,299.248

5,10,25,0,0,400
-5.00266,-8.46903,-24.5425,0.0657004,0.034433,406.278

5,10,25,0,0,500
-3.57043,-6.30428,-27.4586,0.00790838,0.189129,491.878

5,10,25,0,0,550
number of leds were detected: 4

5,10,30,0,0,100
-4.59445,-8.59763,-35.6665,0.253745,-0.0479032,91.8128

5,10,30,0,0,200
-4.56975,-7.93157,-31.9743,0.13156,0.0269937,194.277

5,10,30,0,0,300
-4.2842,-6.73797,-32.956,0.117535,0.114232,288.087

5,10,30,0,0,400
number of leds were detected: 6

5,10,30,0,0,500
-5.74451,-6.70642,-30.8694,-0.0929729,0.220753,477.31

5,10,30,0,0,550
-2.02901,-5.42906,-36.081,-0.0266307,0.18669,521.139

5,15,0,0,0,100
-5.88101,-17.0809,-1.7681,0.00817829,-0.0829536,100.309

5,15,0,0,0,200
-4.66866,-16.332,-0.256479,0.040845,-0.0169687,199.343

5,15,0,0,0,300
-6.29961,-16.8099,-0.851161,0.0353936,0.00230285,300.321

5,15,0,0,0,400
number of leds were detected: 4

5,15,0,0,0,500
-5.28845,-16.4407,-2.28716,0.0106478,-0.116963,501.609

5,15,0,0,0,550
-4.87122,-12.6849,0.522166,-0.085522,0.0578436,546.089

5,15,5,0,0,100
-5.69684,-17.2935,-7.00976,0.0198327,-0.118004,99.2378

5,15,5,0,0,200
-4.6207,-14.63,-7.15543,0.0239938,-0.0151686,197.964

5,15,5,0,0,300
number of leds were detected: 4

5,15,5,0,0,400
-5.63373,-14.3676,-5.96431,-0.158902,0.10807,389.382

5,15,5,0,0,500
number of leds were detected: 4

5,15,5,0,0,550
-4.6961,-13.8654,-6.84854,-0.0631988,0.0945132,544.935

5,15,10,0,0,100
-5.86705,-16.0292,-12.7557,0.0670625,-0.0772494,99.0256

5,15,10,0,0,200
number of leds were detected: 6

5,15,10,0,0,300
-5.74776,-13.5193,-12.1685,0.085046,0.0818397,297.367

5,15,10,0,0,400
-3.31728,-14.1005,-7.72001,-0.174332,0.19107,399.242

5,15,10,0,0,500
-6.54751,-13.4696,-10.5387,-0.0978419,0.103387,527.44

5,15,10,0,0,550
-4.90886,-11.9126,-10.382,-0.0658208,0.201511,562.635

5,15,15,0,0,100
number of leds were detected: 6

5,15,15,0,0,200
-5.16933,-13.5783,-17.0765,0.0676786,0.0119133,198.649

5,15,15,0,0,300
-5.40023,-13.3931,-17.4012,0.0689794,0.0811043,292.094

5,15,15,0,0,400
number of leds were detected: 4

5,15,15,0,0,500
number of leds were detected: 4

5,15,15,0,0,550
-6.53573,-9.41151,-12.1051,0.0702364,0.211955,551.217

5,15,20,0,0,100
-5.7456,-14.8924,-23.9194,0.163727,-0.0546831,97.0498

5,15,20,0,0,200
number of leds were detected: 6

5,15,20,0,0,300
-4.90955,-13.2576,-20.7882,0.151,0.0134541,303.791

5,15,20,0,0,400
-3.76782,-11.7887,-22.7891,0.110107,0.0531494,402.726

5,15,20,0,0,500
-3.23657,-10.8245,-22.4747,0.0651503,0.104901,491.108

5,15,20,0,0,550
-6.69479,-11.8535,-21.725,0.0371533,0.161028,545.293

5,15,25,0,0,100
-76.7306,2.69395,-4.66388,-2.10129,0.198522,61.6171

5,15,25,0,0,200
-4.37346,-13.0999,-27.8392,0.172564,0.0234819,194.789

5,15,25,0,0,300
-5.44914,-12.9846,-26.7919,0.13731,-0.00709779,302.053

5,15,25,0,0,400
number of leds were detected: 6

5,15,25,0,0,500
-4.09586,-10.1669,-23.5512,0.128411,0.122189,515.52

5,15,25,0,0,550
number of leds were detected: 4

5,15,30,0,0,100
-4.81707,-13.8379,-36.0618,0.256289,-0.0759514,91.9003

5,15,30,0,0,200
-4.82373,-12.7925,-32.4096,0.141327,0.00729373,194.46

5,15,30,0,0,300
-4.98244,-12.2553,-33.5125,0.149115,0.0219776,288.925

5,15,30,0,0,400
number of leds were detected: 3

5,15,30,0,0,500
-6.24098,-10.0038,-31.485,-0.118098,0.172548,474.514

5,15,30,0,0,550
-2.9081,-10.8568,-33.5321,0.0500108,0.0545394,544.303

5,20,0,0,0,100
-6.2401,-22.9565,-1.63701,-0.0187108,-0.110018,100.007

5,20,0,0,0,200
-5.21678,-21.2415,-1.84166,0.00671962,-0.0783379,198.589

5,20,0,0,0,300
-6.45726,-19.261,-0.214043,0.0336069,0.0382565,300.106

5,20,0,0,0,400
-6.3434,-19.2248,0.980054,-0.157218,0.0216364,389.787

5,20,0,0,0,500
-5.05544,-20.6331,0.173357,-0.0277761,-0.0732156,499.687

5,20,0,0,0,550
number of leds were detected: 4

5,20,5,0,0,100
number of leds were detected: 6

5,20,5,0,0,200
-5.25358,-20.9658,-6.31002,0.0144425,-0.093329,198.139

5,20,5,0,0,300
number of leds were detected: 4

5,20,5,0,0,400
number of leds were detected: 4

5,20,5,0,0,500
-6.62432,-20.2458,-9.59369,-0.098852,0.110778,529.834

5,20,5,0,0,550
-4.35461,-18.2672,-10.8238,-0.00322531,0.140367,543.819

5,20,10,0,0,100
-6.33467,-22.1514,-13.3741,0.0886815,-0.123726,99.258

5,20,10,0,0,200
-5.66775,-20.9337,-12.583,0.00964641,-0.0348872,199.481

5,20,10,0,0,300
-5.98846,-19.666,-12.2087,0.0652751,0.0595617,297.346

5,20,10,0,0,400
number of leds were detected: 6

5,20,10,0,0,500
-6.19565,-21.0615,-9.51702,-0.133021,0.181382,528.413

5,20,10,0,0,550
-4.86485,-20.4917,-10.5042,-0.0444585,0.208483,564.969

5,20,15,0,0,100
number of leds were detected: 6

5,20,15,0,0,200
-4.98175,-19.5302,-17.396,0.064913,0.0519389,198.818

5,20,15,0,0,300
number of leds were detected: 6

5,20,15,0,0,400
number of leds were detected: 4

5,20,15,0,0,500
-4.79851,-16.935,-15.5836,-0.0773965,0.274692,525.039

5,20,15,0,0,550
-6.25783,-19.9614,-12.7501,0.104686,0.283577,554.521

5,20,20,0,0,100
number of leds were detected: 4

5,20,20,0,0,200
number of leds were detected: 7

5,20,20,0,0,300
number of leds were detected: 4

5,20,20,0,0,400
-3.74899,-16.9822,-22.2966,0.116914,0.0888969,405.323

5,20,20,0,0,500
-3.29926,-19.457,-22.6355,0.0858282,0.0966615,493.357

5,20,20,0,0,550
number of leds were detected: 6

5,20,25,0,0,100
number of leds were detected: 6

5,20,25,0,0,200
-4.44974,-18.3043,-28.7917,0.169141,0.0222422,193.795

5,20,25,0,0,300
number of leds were detected: 3

5,20,25,0,0,400
number of leds were detected: 4

5,20,25,0,0,500
-3.96247,-19.3101,-23.2537,0.0193721,0.15128,512.87

5,20,25,0,0,550
number of leds were detected: 4

5,20,30,0,0,100
number of leds were detected: 4

5,20,30,0,0,200
-4.77882,-17.4299,-33.0765,0.16315,0.0227492,194.385

5,20,30,0,0,300
-4.67444,-16.4919,-33.7484,0.0919792,0.0756967,287.227

5,20,30,0,0,400
number of leds were detected: 4

5,20,30,0,0,500
-6.37174,-16.2924,-31.6683,-0.10121,0.158184,478.055

5,20,30,0,0,550
number of leds were detected: 4

5,25,0,0,0,100
-6.72219,-28.8268,-2.40069,-0.0151747,-0.142506,100.016

5,25,0,0,0,200
number of leds were detected: 6

5,25,0,0,0,300
number of leds were detected: 6

5,25,0,0,0,400
-6.15795,-24.1042,0.976404,-0.148476,0.0907237,390.228

5,25,0,0,0,500
-5.05927,-25.3147,1.0079,-0.153563,-0.0473149,493.002

5,25,0,0,0,550
-4.51605,-23.4881,1.08976,-0.167446,0.143418,541.533

5,25,5,0,0,100
number of leds were detected: 4

5,25,5,0,0,200
number of leds were detected: 4

5,25,5,0,0,300
-6.86656,-26.4807,-6.2986,0.00650074,-0.000406716,298.959

5,25,5,0,0,400
-6.30748,-24.7407,-8.12944,-0.0352466,0.0743033,393.584

5,25,5,0,0,500
-6.35233,-23.4862,-7.46507,-0.116587,0.178722,531.632

5,25,5,0,0,550
-4.20312,-23.1398,-8.75219,-0.0270177,0.198181,545.949

5,25,10,0,0,100
-6.60312,-27.6777,-13.6839,0.0781178,-0.134011,99.2739

5,25,10,0,0,200
-5.8724,-25.9233,-13.396,0.070351,-0.0374316,200.556

5,25,10,0,0,300
-6.26961,-24.9723,-13.1459,0.0741688,0.0786681,297.309

5,25,10,0,0,400
-4.02996,-23.7955,-11.7878,-0.0774432,0.125626,399.578

5,25,10,0,0,500
-6.09583,-22.0519,-9.68059,-0.133907,0.20997,528.366

5,25,10,0,0,550
-6.41847,-25.6635,-10.611,-0.0930931,0.0216725,562.471

5,25,15,0,0,100
number of leds were detected: 6

5,25,15,0,0,200
number of leds were detected: 4

5,25,15,0,0,300
-5.87159,-23.523,-17.2442,0.0377852,0.0802754,292.844

5,25,15,0,0,400
number of leds were detected: 4

5,25,15,0,0,500
number of leds were detected: 4

5,25,15,0,0,550
-8.05958,-23.7474,-13.1655,0.0482072,0.105637,550.897

5,25,20,0,0,100
-6.6529,-26.9473,-24.7521,0.13875,-0.131536,97.1937

5,25,20,0,0,200
number of leds were detected: 6

5,25,20,0,0,300
-6.1505,-26.6443,-24.0565,0.068224,-0.1044,297.632

5,25,20,0,0,400
-3.95025,-23.7475,-22.9204,0.0529654,0.0613038,402.189

5,25,20,0,0,500
number of leds were detected: 6

5,25,20,0,0,550
-6.73736,-22.6646,-22.9816,-0.120408,0.23917,536.297

5,25,25,0,0,100
-66.273,6.15207,-9.87872,-2.90511,0.621734,86.6511

5,25,25,0,0,200
-5.37398,-23.6491,-28.8382,0.19757,-0.0949377,195.438

5,25,25,0,0,300
-6.27381,-25.7796,-27.8015,0.12204,-0.0688638,302.597

5,25,25,0,0,400
-6.06704,-24.8387,-27.5333,0.103108,-0.0367261,403.868

5,25,25,0,0,500
number of leds were detected: 7

5,25,25,0,0,550
number of leds were detected: 3

5,25,30,0,0,100
-5.49763,-25.0557,-35.0497,0.213585,-0.130616,93.6608

5,25,30,0,0,200
-5.67681,-22.9469,-33.8669,0.175856,-0.0731802,194.472

5,25,30,0,0,300
-4.92695,-20.9299,-34.4892,0.106422,0.0795636,286.708

5,25,30,0,0,400
-5.41377,-24.0724,-29.1518,0.00745049,0.0625361,410.061

5,25,30,0,0,500
-6.71689,-20.206,-32.6175,0.00905234,0.149515,482.114

5,25,30,0,0,550
number of leds were detected: 6

5,30,0,0,0,100
-7.31587,-34.7648,-2.41492,0.00944456,-0.186102,100.205

5,30,0,0,0,200
-5.91659,-31.7007,-4.2465,0.0524076,-0.11305,199.41

5,30,0,0,0,300
-7.15625,-30.88,-4.44513,0.0180917,-0.00326243,299.759

5,30,0,0,0,400
-6.83184,-30.5828,-2.69611,-0.0273035,0.0412622,395.573

5,30,0,0,0,500
-5.37801,-32.7524,1.36368,-0.198051,-0.0593394,490.178

5,30,0,0,0,550
-6.52964,-29.5142,-4.27862,0.0259868,-0.0651763,551.56

5,30,5,0,0,100
-7.0967,-34.0968,-9.54092,0.0479135,-0.219174,99.4055

5,30,5,0,0,200
-15.5605,53.7058,5.75369,-0.285688,-0.893472,189.509

5,30,5,0,0,300
-6.53374,-30.8393,-9.0379,0.0473973,0.0760593,299.488

5,30,5,0,0,400
-5.85937,-26.9978,-7.40791,-0.0481623,0.16069,393.861

5,30,5,0,0,500
-6.25512,-29.4402,-8.62125,-0.144459,0.206479,529.941

5,30,5,0,0,550
-5.55174,-28.7449,-9.18388,0.127682,0.0763228,554.462

5,30,10,0,0,100
-7.34443,-33.2754,-14.0612,0.099199,-0.194915,99.6193

5,30,10,0,0,200
-6.09716,-31.2043,-14.0664,0.0863724,-0.0345584,200.855

5,30,10,0,0,300
-6.33972,-29.9835,-13.3671,0.0601233,0.0887094,297.263

5,30,10,0,0,400
number of leds were detected: 4

5,30,10,0,0,500
-6.50784,-29.5716,-9.85742,-0.113093,0.158912,530.353

5,30,10,0,0,550
-6.34661,-27.4369,-12.1477,-0.00116429,0.100129,565.87

5,30,15,0,0,100
number of leds were detected: 6

5,30,15,0,0,200
-5.80044,-30.1624,-18.7473,0.0535515,-0.000521954,198.391

5,30,15,0,0,300
-7.18588,62.966,-1.34853,-0.00770552,-0.0790145,299.669

5,30,15,0,0,400
4.66019,nan,-9.22788,nan,-nan,nan

5,30,15,0,0,500
-6.19056,-28.2644,-18.328,-0.0648009,0.0963884,522.104

5,30,15,0,0,550
number of leds were detected: 4

5,30,20,0,0,100
-7.14808,-32.7566,-24.7575,0.12797,-0.155086,97.6164

5,30,20,0,0,200
number of leds were detected: 6

5,30,20,0,0,300
number of leds were detected: 6

5,30,20,0,0,400
-3.97108,-27.1977,-19.7141,0.020993,0.0856064,409.464

5,30,20,0,0,500
-4.08067,-30.9914,-21.8613,-0.00968632,0.013226,493.848

5,30,20,0,0,550
-8.445,-29.4456,-22.1929,-0.0946323,0.0529591,544.351

5,30,25,0,0,100
-60.6283,8.19045,-12.8056,-3.18739,0.868864,95.7753

5,30,25,0,0,200
-5.00239,-28.8883,-29.2832,0.130138,-0.00384149,193.8

5,30,25,0,0,300
-5.92046,-28.1306,-28.1762,0.110359,0.00974744,301.654

5,30,25,0,0,400
-5.25893,-27.3264,-28.899,0.136799,0.0946023,400.881

5,30,25,0,0,500
-4.40076,-29.5709,-26.3866,0.123145,0.11399,510.036

5,30,25,0,0,550
number of leds were detected: 3

5,30,30,0,0,100
-5.91472,-30.823,-36.5682,0.23903,-0.152722,93.1005

5,30,30,0,0,200
-5.65902,-29.3918,-35.1861,0.0876531,-0.0429183,190.967

5,30,30,0,0,300
number of leds were detected: 4

5,30,30,0,0,400
-4.90887,-25.0728,-30.1384,0.0329762,0.146389,407.412

5,30,30,0,0,500
-6.53573,-22.9026,-37.5674,0.0161727,0.176092,457.952

5,30,30,0,0,550
-1.18568,-62.8772,14.2418,-0.118227,0.406032,615.289

15,0,0,0,0,100
-15.1769,-0.0600427,-0.133906,0.0212322,0.0241217,100.39

15,0,0,0,0,200
-15.0828,-0.0748247,0.256958,-0.0426543,0.0573064,198.657

15,0,0,0,0,300
-15.0459,-0.216275,0.168121,-0.0277783,0.068541,292.627

15,0,0,0,0,400
-14.7745,-0.161815,0.108938,-0.018123,0.116597,401.717

15,0,0,0,0,500
number of leds were detected: 4

15,0,0,0,0,550
-12.0149,-0.591292,-0.75379,0.124337,0.0947619,537.93

15,0,5,0,0,100
number of leds were detected: 4

15,0,5,0,0,200
-15.0083,0.878842,-5.31003,-0.0242979,0.0754204,198.175

15,0,5,0,0,300
-15.0459,1.03237,-4.7252,-0.054371,0.0680904,290.703

15,0,5,0,0,400
-14.7745,1.51542,-4.23756,-0.0180642,0.116219,400.414

15,0,5,0,0,500
number of leds were detected: 4

15,0,5,0,0,550
-12.0149,1.70505,-5.48346,0.123703,0.0942787,535.187

15,0,10,0,0,100
-15.1769,2.72061,-11.182,0.112358,0.0238379,99.2083

15,0,10,0,0,200
number of leds were detected: 4

15,0,10,0,0,300
number of leds were detected: 4

15,0,10,0,0,400
number of leds were detected: 4

15,0,10,0,0,500
number of leds were detected: 4

15,0,10,0,0,550
-12.2355,0.263264,-10.2971,0.122224,0.0444471,528.786

15,0,15,0,0,100
number of leds were detected: 6

15,0,15,0,0,200
-14.6541,4.07387,-15.356,-0.0644981,0.0556429,196.802

15,0,15,0,0,300
number of leds were detected: 3

15,0,15,0,0,400
-14.3879,4.3939,-15.2527,0.055152,0.145606,415.106

15,0,15,0,0,500
number of leds were detected: 4

15,0,15,0,0,550
-11.8696,1.32489,-17.5451,0.28994,0.0245917,527.552

15,0,20,0,0,100
-14.419,6.18848,-22.3628,0.162756,0.0805858,95.811

15,0,20,0,0,200
number of leds were detected: 4

15,0,20,0,0,300
-14.0152,5.72328,-18.7363,0.00505449,0.0814887,299.803

15,0,20,0,0,400
number of leds were detected: 6

15,0,20,0,0,500
number of leds were detected: 4

15,0,20,0,0,550
number of leds were detected: 4

15,0,25,0,0,100
-14.39,7.00929,-27.9241,0.188633,0.0881253,93.9065

15,0,25,0,0,200
-13.4732,7.02746,-25.4516,0.0168204,0.0575128,193.636

15,0,25,0,0,300
-13.3135,6.21936,-25.0575,0.017646,0.0752959,292.456

15,0,25,0,0,400
-15.3947,6.99447,-25.5367,0.10628,0.188852,387.756

15,0,25,0,0,500
number of leds were detected: 4

15,0,25,0,0,550
-12.7414,7.39671,-24.913,0.149626,0.207331,569.376

15,0,30,0,0,100
-13.4959,8.74308,-32.8386,0.195729,0.073618,92.9331

15,0,30,0,0,200
-12.6025,7.81261,-31.4484,0.152689,0.0324076,189.269

15,0,30,0,0,300
-12.842,8.03927,-30.0717,0.0981253,0.0493563,287.801

15,0,30,0,0,400
-13.6506,9.69227,-26.6658,-0.0233136,0.234594,396.549

15,0,30,0,0,500
number of leds were detected: 3

15,0,30,0,0,550
number of leds were detected: 4

15,5,0,0,0,100
-15.3156,-5.28206,-2.22932,0.0178717,0.00480344,100.311

15,5,0,0,0,200
-15.3925,-4.02155,-0.086685,0.0144309,0.0268896,199.55

15,5,0,0,0,300
-14.8055,-5.08242,-0.393082,0.0657476,0.0930358,295.839

15,5,0,0,0,400
-14.7745,-5.2164,-1.62834,-0.0181281,0.11663,401.83

15,5,0,0,0,500
-16.8185,-4.76235,-2.88811,0.146778,0.0984029,532.303

15,5,0,0,0,550
-12.0149,-5.20614,-3.11598,0.124292,0.0947274,537.734

15,5,5,0,0,100
-15.1718,-3.94409,-6.3652,0.0048027,0.0153026,99.9439

15,5,5,0,0,200
-15.3187,-3.06812,-6.68682,0.06234,0.0452149,199.598

15,5,5,0,0,300
-14.7924,-2.56079,-5.38316,-0.0492655,0.0929114,291.35

15,5,5,0,0,400
-14.7123,-3.50378,-7.97957,-0.119082,0.120628,394.619

15,5,5,0,0,500
number of leds were detected: 4

15,5,5,0,0,550
number of leds were detected: 4

15,5,10,0,0,100
-15.402,-2.4829,-12.8633,0.093976,-0.0201484,98.8106

15,5,10,0,0,200
-14.4833,-2.18998,-12.0187,0.064779,-0.0104068,198.626

15,5,10,0,0,300
number of leds were detected: 4

15,5,10,0,0,400
number of leds were detected: 4

15,5,10,0,0,500
-14.0135,-1.08365,-10.2458,0.0977144,2.28131e-05,507.26

15,5,10,0,0,550
-12.3657,-0.956201,-10.0264,0.0773294,0.0306663,526.954

15,5,15,0,0,100
-15.1095,-1.42711,-18.2948,0.138074,0.00659251,97.2546

15,5,15,0,0,200
-14.8664,-0.554267,-16.2574,-0.0114535,0.045656,198.036

15,5,15,0,0,300
number of leds were detected: 4

15,5,15,0,0,400
-14.6383,-0.175434,-15.902,0.00932369,0.119432,413.599

15,5,15,0,0,500
-15.4134,0.604271,-18.962,0.0689997,0.103888,503.132

15,5,15,0,0,550
-11.9984,0.0690008,-13.5662,0.249255,0.0111206,535.797

15,5,20,0,0,100
-14.6386,0.464244,-23.5897,0.150057,0.0388968,95.7103

15,5,20,0,0,200
number of leds were detected: 4

15,5,20,0,0,300
-13.5892,0.667514,-19.5618,0.0709889,0.1111,303.289

15,5,20,0,0,400
number of leds were detected: 6

15,5,20,0,0,500
-14.7137,0.725891,-20.292,0.0962071,0.1241,506.396

15,5,20,0,0,550
number of leds were detected: 4

15,5,25,0,0,100
-14.6213,1.68675,-29.0475,0.190767,0.0361525,93.9944

15,5,25,0,0,200
-13.517,0.798851,-26.8816,0.0593931,0.0633925,194.59

15,5,25,0,0,300
-12.8993,0.626483,-26.02,0.109749,0.104502,296.904

15,5,25,0,0,400
number of leds were detected: 4

15,5,25,0,0,500
-12.0972,-0.0919788,-27.1394,0.130573,-0.0155691,479.814

15,5,25,0,0,550
-12.7312,1.08538,-24.5936,0.177696,0.183316,579.219

15,5,30,0,0,100
-13.6454,2.45966,-34.3962,0.193898,0.0305169,92.721

15,5,30,0,0,200
number of leds were detected: 6

15,5,30,0,0,300
-12.412,2.92762,-34.6015,0.160549,0.0768551,279.518

15,5,30,0,0,400
number of leds were detected: 4

15,5,30,0,0,500
number of leds were detected: 4

15,5,30,0,0,550
number of leds were detected: 6

15,10,0,0,0,100
-16.0003,-10.9937,-2.31728,0.02931,-0.0560342,100.211

15,10,0,0,0,200
number of leds were detected: 6

15,10,0,0,0,300
-14.9482,-8.14289,-3.44898,0.0374733,0.110861,294.885

15,10,0,0,0,400
-14.5281,-6.70988,0.726955,-0.11837,0.161292,397.816

15,10,0,0,0,500
-16.7243,-8.85274,0.55274,-0.0960905,0.165379,519.005

15,10,0,0,0,550
-12.3057,-10.1761,0.0530594,-0.008607,0.0629134,530.139

15,10,5,0,0,100
number of leds were detected: 4

15,10,5,0,0,200
-15.3516,-8.44829,-8.21745,0.0174145,0.0638593,198.753

15,10,5,0,0,300
number of leds were detected: 6

15,10,5,0,0,400
-14.4192,-8.5266,-6.75462,-0.173883,0.149724,394.885

15,10,5,0,0,500
-16.3942,-8.52224,-7.64303,-0.125084,0.166048,516.944

15,10,5,0,0,550
-12.0903,-7.51269,-10.1041,0.0982172,0.0855417,530.782

15,10,10,0,0,100
-15.8095,-8.30446,-14.3085,0.112662,-0.0596272,98.9633

15,10,10,0,0,200
-14.3236,-8.02384,-13.0136,0.0723364,0.0162471,199.372

15,10,10,0,0,300
number of leds were detected: 4

15,10,10,0,0,400
number of leds were detected: 3

15,10,10,0,0,500
-13.5883,-8.30375,-11.6028,0.116055,0.0695616,510.01

15,10,10,0,0,550
-12.3657,-7.82762,-11.2339,0.0774307,0.0307065,527.645

15,10,15,0,0,100
-15.3384,-6.61645,-19.4703,0.10275,-0.00992359,96.9487

15,10,15,0,0,200
-14.7987,-5.90454,-17.8825,-0.0336193,0.0521874,197.474

15,10,15,0,0,300
number of leds were detected: 4

15,10,15,0,0,400
-14.8473,-7.81469,-16.0172,-0.0515239,0.0533877,414.417

15,10,15,0,0,500
-15.0599,-4.25155,-22.8775,0.0879633,0.163545,496.721

15,10,15,0,0,550
-11.8704,-4.69815,-19.5154,0.262808,-0.000542079,524.059

15,10,20,0,0,100
number of leds were detected: 4

15,10,20,0,0,200
number of leds were detected: 4

15,10,20,0,0,300
-14.2822,-4.3676,-22.1305,0.0725239,0.0226682,299.977

15,10,20,0,0,400
number of leds were detected: 6

15,10,20,0,0,500
-14.3069,-3.13871,-22.8805,0.086021,0.189323,501.383

15,10,20,0,0,550
number of leds were detected: 4

15,10,25,0,0,100
-14.7638,-3.43811,-30.295,0.190938,0.0125893,94.0302

15,10,25,0,0,200
-13.8502,-3.65453,-28.0795,0.072706,0.00995431,194.455

15,10,25,0,0,300
-13.6878,-4.47975,-27.5499,0.0853169,-0.00761013,294.414

15,10,25,0,0,400
-15.3369,-3.55349,-27.7371,0.0982846,0.108862,389.711

15,10,25,0,0,500
number of leds were detected: 4

15,10,25,0,0,550
-12.6857,-2.64893,-24.3223,0.134279,0.189254,581.537

15,10,30,0,0,100
-13.9239,-2.12469,-35.1745,0.204944,-0.0104808,93.1154

15,10,30,0,0,200
-13.054,-2.22868,-33.988,0.171391,-0.0219023,188.689

15,10,30,0,0,300
-13.2131,-1.357,-33.1187,0.191806,-0.0168213,287.687

15,10,30,0,0,400
-13.458,-0.644859,-31.2473,-0.0880178,0.167526,385.183

15,10,30,0,0,500
number of leds were detected: 4

15,10,30,0,0,550
-12.7199,-1.5068,-33.2101,0.181692,0.143394,550.37

15,15,0,0,0,100
-16.4905,-16.9382,-4.62184,0.0183259,-0.0962383,100.076

15,15,0,0,0,200
-16.169,-14.9217,-3.71244,-0.0267247,-0.0136212,198.476

15,15,0,0,0,300
-15.7181,-14.9415,-4.51222,-0.00983981,0.0538505,292.993

15,15,0,0,0,400
-15.5902,-14.0288,-3.0697,-0.0828509,0.0813796,398.351

15,15,0,0,0,500
number of leds were detected: 4

15,15,0,0,0,550
-12.9669,-11.6215,-0.61673,0.100479,-0.00454096,534.942

15,15,5,0,0,100
-16.1151,-14.9726,-9.56388,0.0222166,-0.0644342,99.9231

15,15,5,0,0,200
-15.8976,-13.0215,-8.09435,-0.0149374,0.0229221,198.262

15,15,5,0,0,300
-15.8456,-11.8202,-6.31763,-0.0159498,0.00902202,291.953

15,15,5,0,0,400
number of leds were detected: 4

15,15,5,0,0,500
-16.4867,-11.4268,-7.94229,-0.118082,0.217308,517.92

15,15,5,0,0,550
-12.0903,-12.1915,-10.1041,0.098517,0.0858028,532.402

15,15,10,0,0,100
-16.2579,-13.678,-15.4602,0.12759,-0.0852893,99.2084

15,15,10,0,0,200
-14.8799,-12.6917,-13.5849,0.085931,-0.0390179,199.834

15,15,10,0,0,300
28.6706,-38.0694,-1.81388,-3.92706,-6.4752,641.891

15,15,10,0,0,400
number of leds were detected: 3

15,15,10,0,0,500
-13.3418,-10.0818,-11.8572,0.0944951,0.146777,509.707

15,15,10,0,0,550
-12.4081,-11.0377,-11.6082,0.067668,0.0778324,527.754

15,15,15,0,0,100
-15.896,-12.4667,-20.5027,0.138069,-0.0568781,97.546

15,15,15,0,0,200
number of leds were detected: 6

15,15,15,0,0,300
number of leds were detected: 3

15,15,15,0,0,400
-14.0813,-8.91329,-16.8121,0.0586103,0.15742,419.651

15,15,15,0,0,500
-14.7951,-10.5486,-20.6557,0.0566443,0.220881,508.148

15,15,15,0,0,550
number of leds were detected: 6

15,15,20,0,0,100
number of leds were detected: 4

15,15,20,0,0,200
number of leds were detected: 3

15,15,20,0,0,300
number of leds were detected: 4

15,15,20,0,0,400
number of leds were detected: 6

15,15,20,0,0,500
-14.3238,-10.0435,-20.9035,0.0186819,0.163756,510.086

15,15,20,0,0,550
number of leds were detected: 4

15,15,25,0,0,100
-15.425,-9.06421,-31.4126,0.196337,-0.0485938,94.2866

15,15,25,0,0,200
-13.7196,-7.95347,-30.2814,0.0536393,0.0426465,192.161

15,15,25,0,0,300
-13.0696,-7.80183,-26.6414,0.0507903,0.101989,298.098

15,15,25,0,0,400
-16.4171,-7.40374,-26.665,0.0817995,0.0513869,394.48

15,15,25,0,0,500
-11.4213,-6.73889,-28.7222,0.125773,0.0756287,479.817

15,15,25,0,0,550
-13.5186,-8.13511,-29.3218,0.171191,0.0644006,565.16

15,15,30,0,0,100
-14.0684,-8.17086,-36.6402,0.20759,-0.0192755,93.1939

15,15,30,0,0,200
-12.7935,-6.97313,-35.0787,0.188029,0.0227115,189.28

15,15,30,0,0,300
-12.6025,-6.67863,-33.1045,0.163099,0.06014,291.163

15,15,30,0,0,400
-13.5181,-5.92344,-34.6525,-0.0899603,0.215693,376.086

15,15,30,0,0,500
number of leds were detected: 4

15,15,30,0,0,550
-13.5458,-7.87063,-35.7608,0.121819,0.0554765,538.724

15,20,0,0,0,100
-17.0769,-22.1973,-6.64717,0.0459712,-0.12062,100.352

15,20,0,0,0,200
-16.6411,-20.9791,-4.36823,-0.0154681,0.000741792,198.724

15,20,0,0,0,300
-16.5292,-19.5893,-6.49371,0.0726403,0.0146992,294.951

15,20,0,0,0,400
-15.9589,-18.8791,-5.42414,-0.126712,0.0247319,396.627

15,20,0,0,0,500
-16.6717,-19.0066,-3.27458,-0.189587,0.199457,516.359

15,20,0,0,0,550
-13.2935,-18.8782,-6.97036,-0.0922198,0.0436948,524.537

15,20,5,0,0,100
-16.9453,-20.4809,-10.8144,0.0308259,-0.129096,99.9531

15,20,5,0,0,200
-16.5191,-19.7479,-10.2026,0.0175148,-0.0113859,198.876

15,20,5,0,0,300
-16.3116,-17.2896,-10.3039,0.0356013,0.0336243,292.58

15,20,5,0,0,400
-16.5602,-17.0733,-8.13666,0.0180336,-0.0298284,400.633

15,20,5,0,0,500
-16.1896,-18.7797,-9.19866,-0.113659,0.276515,520.844

15,20,5,0,0,550
-14.1374,-19.3007,-10.1439,0.051959,-0.0895671,528.967

15,20,10,0,0,100
-16.9552,-20.081,-16.1253,0.129684,-0.132292,99.6165

15,20,10,0,0,200
number of leds were detected: 3

15,20,10,0,0,300
number of leds were detected: 4

15,20,10,0,0,400
number of leds were detected: 4

15,20,10,0,0,500
-13.3997,-15.5132,-15.6181,0.141476,0.140624,508.511

15,20,10,0,0,550
-13.3982,-18.6172,-14.3879,0.0894278,-0.0198406,526.606

15,20,15,0,0,100
-16.4299,-17.7254,-22.2394,0.129794,-0.0941335,97.3341

15,20,15,0,0,200
-15.7308,-16.1694,-19.361,-0.0687129,-0.0152804,197.769

15,20,15,0,0,300
number of leds were detected: 3

15,20,15,0,0,400
-15.6457,-16.7062,-18.7347,0.0741381,0.0668798,419.197

15,20,15,0,0,500
-14.7829,-14.8114,-23.1061,0.0675221,0.220841,505.324

15,20,15,0,0,550
-13.4512,-17.0379,-23.6075,0.323901,-0.10791,522.184

15,20,20,0,0,100
-15.8557,-15.6654,-27.2683,0.180382,-0.0579858,96.3469

15,20,20,0,0,200
number of leds were detected: 4

15,20,20,0,0,300
number of leds were detected: 6

15,20,20,0,0,400
number of leds were detected: 6

15,20,20,0,0,500
-14.2677,-13.0402,-22.7973,0.075387,0.196551,510.181

15,20,20,0,0,550
number of leds were detected: 3

15,20,25,0,0,100
-15.5722,-14.8859,-32.0791,0.175221,-0.0358182,94.949

15,20,25,0,0,200
number of leds were detected: 6

15,20,25,0,0,300
-14.318,-12.4016,-27.2918,0.0710384,-0.00783897,299.104

15,20,25,0,0,400
-15.4868,-13.4025,-28.7943,0.0991417,0.205937,395.64

15,20,25,0,0,500
-12.2676,-12.6245,-31.2077,-0.00926719,-0.0316196,466.463

15,20,25,0,0,550
number of leds were detected: 4

15,20,30,0,0,100
-14.7198,-13.2694,-37.1519,0.20395,-0.075089,93.9473

15,20,30,0,0,200
-12.8647,-12.3088,-37.4643,0.179471,0.0247748,186.628

15,20,30,0,0,300
-13.266,-12.8164,-34.5042,0.121704,0.0219563,289.566

15,20,30,0,0,400
number of leds were detected: 4

15,20,30,0,0,500
number of leds were detected: 4

15,20,30,0,0,550
-12.6427,-11.7846,-35.9134,0.171952,0.205148,547.885

15,25,0,0,0,100
-18.0778,-27.3518,-7.24316,0.0846538,-0.183915,100.614

15,25,0,0,0,200
-16.8223,-24.9896,-6.78128,-0.0115084,0.0196062,199.178

15,25,0,0,0,300
-16.3459,-25.338,-6.67372,0.0697252,0.0820092,296.006

15,25,0,0,0,400
number of leds were detected: 6

15,25,0,0,0,500
-16.5551,-22.9922,-7.70055,-0.0440309,0.275115,526.016

15,25,0,0,0,550
-14.7393,-23.383,-10.6858,0.167082,-0.000957093,535.38

15,25,5,0,0,100
number of leds were detected: 6

15,25,5,0,0,200
-17.0547,-23.5752,-13.8693,0.00881371,0.0111534,197.806

15,25,5,0,0,300
-16.4731,-23.1692,-12.4406,0.00866337,0.0531742,292.146

15,25,5,0,0,400
number of leds were detected: 6

15,25,5,0,0,500
-16.3046,-20.9332,-9.34437,-0.116713,0.295778,521.22

15,25,5,0,0,550
-13.4068,-23.6051,-10.1813,-0.0248318,0.0603402,527.549

15,25,10,0,0,100
-17.554,-25.0287,-18.7746,0.182466,-0.144014,99.8688

15,25,10,0,0,200
-15.8456,-22.9563,-18.1047,0.0827447,-0.0519375,198.684

15,25,10,0,0,300
number of leds were detected: 4

15,25,10,0,0,400
number of leds were detected: 4

15,25,10,0,0,500
-13.5228,-21.4686,-15.4778,0.117743,0.128868,510.569

15,25,10,0,0,550
-14.4007,-22.2262,-17.7331,0.0302591,-0.0283071,518.255

15,25,15,0,0,100
-17.1544,-23.2755,-23.4891,0.140013,-0.112187,97.6879

15,25,15,0,0,200
-16.0913,-21.1734,-21.7038,-0.0430818,0.00776236,197.595

15,25,15,0,0,300
number of leds were detected: 4

15,25,15,0,0,400
-15.462,-23.0755,-21.6904,0.0415113,0.107289,416.573

15,25,15,0,0,500
-15.7602,-21.8223,-20.1689,0.0195437,0.101732,515.42

15,25,15,0,0,550
-12.5136,-20.4822,-23.9436,0.0678776,0.0339359,510.541

15,25,20,0,0,100
-16.597,-21.9203,-28.3211,0.199759,-0.118629,97.1175

15,25,20,0,0,200
number of leds were detected: 4

15,25,20,0,0,300
-14.9796,-19.5444,-27.9958,0.0776499,0.0834066,296.472

15,25,20,0,0,400
number of leds were detected: 6

15,25,20,0,0,500
number of leds were detected: 6

15,25,20,0,0,550
number of leds were detected: 3

15,25,25,0,0,100
-16.352,-20.0104,-32.6439,0.187206,-0.0890348,95.8471

15,25,25,0,0,200
-15.0558,-18.0851,-31.1544,0.0761685,-0.0635353,195.48

15,25,25,0,0,300
-14.4688,-18.3418,-30.2131,0.0152334,-0.00626731,294.156

15,25,25,0,0,400
-17.3747,-16.9832,-26.7328,-0.0382471,0.0120063,397.124

15,25,25,0,0,500
number of leds were detected: 6

15,25,25,0,0,550
-13.8418,-16.2028,-32.9197,-0.0738788,0.198256,541.261

15,25,30,0,0,100
-15.284,-19.0264,-38.8529,0.190842,-0.094449,93.6754

15,25,30,0,0,200
-0.0294128,-0.0654409,-0.00807573,0.00105882,-0.000261663,30.0681

